<?xml version="1.0" encoding="UTF-8"?>
<project-private xmlns="http://www.netbeans.org/ns/project-private/1">
    <editor-bookmarks xmlns="http://www.netbeans.org/ns/editor-bookmarks/2" lastBookmarkId="0"/>
    <open-files xmlns="http://www.netbeans.org/ns/projectui-open-files/2">
        <group>
            <file>file:/home/leandro/NetBeansProjects/CafeteriaSoft-master/src/br/com/unicamp/ft/CafeteriaSoft/entidade/Produto.java</file>
            <file>file:/home/leandro/NetBeansProjects/CafeteriaSoft-master/src/br/com/unicamp/ft/CafeteriaSoft/entidade/Funcionario.java</file>
            <file>file:/home/leandro/NetBeansProjects/CafeteriaSoft-master/src/br/com/unicamp/ft/painel/TelaVenda.java</file>
            <file>file:/home/leandro/NetBeansProjects/CafeteriaSoft-master/src/br/com/unicamp/ft/CafeteriaSoft/FileAbstract.java</file>
            <file>file:/home/leandro/NetBeansProjects/CafeteriaSoft-master/src/br/com/unicamp/ft/CafeteriaSoft/entidade/Fornecedor.java</file>
            <file>file:/home/leandro/NetBeansProjects/CafeteriaSoft-master/src/br/com/unicamp/ft/CafeteriaSoft/FileData.java</file>
            <file>file:/home/leandro/NetBeansProjects/CafeteriaSoft-master/src/br/com/unicamp/ft/painel/TelaCadastrarFornecedor.java</file>
            <file>file:/home/leandro/NetBeansProjects/CafeteriaSoft-master/src/br/com/unicamp/ft/painel/TelaExcluir.java</file>
            <file>file:/home/leandro/NetBeansProjects/CafeteriaSoft-master/src/br/com/unicamp/ft/painel/LogoCafeteriaSoft.PNG</file>
            <file>file:/home/leandro/NetBeansProjects/CafeteriaSoft-master/src/br/com/unicamp/ft/CafeteriaSoft/entidade/Venda.java</file>
            <file>file:/home/leandro/NetBeansProjects/CafeteriaSoft-master/src/br/com/unicamp/ft/painel/JComboBoxEntityAbstract.java</file>
            <file>file:/home/leandro/NetBeansProjects/CafeteriaSoft-master/src/br/com/unicamp/ft/painel/TelaCadastrarProduto.java</file>
            <file>file:/home/leandro/NetBeansProjects/CafeteriaSoft-master/src/br/com/unicamp/ft/painel/TelaConsultar.java</file>
            <file>file:/home/leandro/NetBeansProjects/CafeteriaSoft-master/src/br/com/unicamp/ft/CafeteriaSoft/entidade/Usuario.java</file>
            <file>file:/home/leandro/NetBeansProjects/CafeteriaSoft-master/src/br/com/unicamp/ft/painel/TelaInicial.java</file>
            <file>file:/home/leandro/NetBeansProjects/CafeteriaSoft-master/src/br/com/unicamp/ft/CafeteriaSoft/entidade/EntityAbstract.java</file>
            <file>file:/home/leandro/NetBeansProjects/CafeteriaSoft-master/src/br/com/unicamp/ft/painel/TelaCadastrarFuncionario.java</file>
            <file>file:/home/leandro/NetBeansProjects/CafeteriaSoft-master/src/br/com/unicamp/ft/painel/DefaultSeachTableModel.java</file>
            <file>file:/home/leandro/NetBeansProjects/CafeteriaSoft-master/src/br/com/unicamp/ft/painel/TelaMenuPrincipal.java</file>
            <file>file:/home/leandro/NetBeansProjects/CafeteriaSoft-master/src/br/com/unicamp/ft/CafeteriaSoft/Exceptions/NotExistsDataException.java</file>
            <file>file:/home/leandro/NetBeansProjects/CafeteriaSoft-master/src/br/com/unicamp/ft/painel/JFrameMain.java</file>
        </group>
    </open-files>
</project-private>
